Title,Organization_name,Type,Traded as,ISIN,Industry,Predecessors,Headquarters,Area served,Key people,Products,Revenue,Operating income,Net income,Total assets,Total equity,Number of employees,Parent,Subsidiaries,Website,Total assets
Lockheed Martin,Lockheed Martin Corporation,Public,"NYSE: LMT, S&P 100 Component, S&P 500 Component",US5398301094,"Advanced Technologies, Information Security, Aerospace, Defense","Lockheed Corporation, Martin Marietta","Bethesda, Maryland, United States",Worldwide,"Marillyn Hewson, (Chairman, President, & CEO), Kenneth R. Possenriede, (Executive Vice President & CFO)","ATC Systems, Ballistic Missiles, Precision-guided munitions, Missile Defense Elements, Directed-energy weapons, Combat Systems, Littoral combat ships, Armored fighting vehicles, Combat aircraft, Military Support Aircraft, Robotic Systems, Radar Technologies, Electronic Warfare Systems, Multi-Function Sensor Systems, Satellites, Atlas V Launch Vehicles, Spacecraft, ICT Solutions and Software, Energy Management and Storage Systems",US$ 53.76 billion (2018),US$7.33 billion (2018),US$5.04 billion (2018),US$44.87 billion (2018),US$1.39 billion (2018),"105,000 (2018)",Lockheed Corporation,"Hellfire Systems, L.L.C., Lockheed Martin Aerospace Systems Integration Corporation, Lockheed Martin Australia Pty Limited, Lockheed Martin Canada Inc., Lockheed Martin Desktop Solutions, Inc., Lockheed Martin Engine Investments, LLC, Lockheed Martin Global, Inc., Lockheed Martin Integrated Systems, Inc., Lockheed Martin Integrated Technology, LLC, Lockheed Martin International Service Corporation, Lockheed Martin Investments Inc., Lockheed Martin Logistics Management, Inc., Lockheed Martin Millimeter Technologies, Inc., Lockheed Martin Operations Support, Inc., Lockheed Martin Services, Inc., Lockheed Martin Space Alliance Company, Lockheed Martin UK Ampthill Limited, Lockheed Martin UK Limited, Lockheed Martin BTS Limited, QTC Holdings Inc., Sikorsky Aircraft Corporation",LockheedMartin.com,US$44.87 billion (2018)
Boeing,The Boeing Company,Public,"NYSE: BA, DJIA Component, S&P 100 Component, S&P 500 Component",US0970231058,"Aerospace, Defense",,"Boeing International Headquarters, Chicago, Illinois, U.S.",Worldwide (p1),Larry Kellner (Chairman) Dave Calhoun (President and CEO),"Commercial aircraft, Military aircraft, Satellites, Space vehicles and launchers",US$ 76.559 billion (2019),US$ −1.975 billion (2019),US$ −636 million (2019),US$ 133.625 billion (2019),US$ −8.300 billion (2019),"153,027 (January 1, 2019)",,"Aurora Flight Sciences, Aviall Services, Boeing Aircraft Holding Company, Boeing UK, Boeing Defence UK, Boeing Australia, Boeing Canada, Boeing Capital Corporation, Boeing Commercial Space​ Company, Jeppesen, Continental data graphics, Spectrolab, Boeing Intelligence & Analytics, ForeFlight",www.boeing.com,US$ 133.625 billion (2019)
Raytheon,Raytheon Company,Public,"NYSE: RTN, S&P 100 component, S&P 500 component",US7551115071,Aerospace and defense,,"Waltham, Massachusetts, United States",Worldwide,Thomas A. Kennedy (Chairman and CEO),,US$27.1 billion (2018),US$3.4 billion (2018),US$2.909 billion (2018),US$31.86 billion (2018),US$11.472 billion (2018),"~67,000 (2018)",,,raytheon.com,US$31.86 billion (2018)
Almaz-Antey,Almaz-Antey,Open Joint Stock Company,,,Aerospace & Defense,,"41 Vereyskaya str. Moscow, Russia, 121471",,"Vladislav Vladimirovich Menshikov (General Director, Anatoly Ivanovich Sabin (Head of Research)","Anti-aircraft defence systems, Mobile command centers, Guidance systems, Missiles, Anti-ballistic missiles, Cruise missiles, Radars, Automated control systems, Navigation systems, Air traffic systems, Remote weapon stations, Automated turrets, Naval artillery, Artillery shells, Firearms, Ventilation valves, Sewage treatment systems",$2.24 billion (2015),$303 million (2015),$461 million (2015),$7.07 billion (2015),$1.9 billion (2015),98 100,,,www.almaz-antey.ru,$7.07 billion (2015)
Northrop Grumman,Northrop Grumman Corporation,Public,NYSE : NOC S&P 500 Component,US6668071029,Defense industry,,"2980 Fairview Park Drive, West Falls Church, Virginia, United States",Worldwide,Kathy J. Warden (President and CEO),"Military aircraft & unmanned aerial vehicles Military vessels Missiles & missile defense systems Autocannons, chain guns & munitions Satellites & space Information technology Electronic sensors and systems Rocket launch systems",US$ 30.1 billion (2018),US$3.78 billion (2018),US$3.229 billion (2018),US$34.917 billion (2017),US$7.048 billion (2017),"85,000 (2019)",,,www.northropgrumman.com,US$34.917 billion (2017)
General Dynamics,General Dynamics Corporation,Public,"NYSE: GD, S&P 100 Component, S&P 500 Component",US3695501086,Aerospace Defense Shipbuilding,,"Reston, Virginia, United States",Worldwide,Phebe Novakovic (Chairman and CEO),"Business jets, Combat vehicles and tanks, Fighter jets, Weapon systems, Autocannons and rotary cannons, Munitions, Watercraft, Submarines, Communications systems, command and control, & IT systems",US$ 36.19 billion (2018),US$4.45 billion (2018),US$3.34 billion (2018),US$45.40 billion (2018),US$11.73 billion (2018),"35,000 (2020)",,,www.gd.com,US$45.40 billion (2018)
BAE Systems,BAE Systems plc,Public limited company,LSE : BA. FTSE 100 Component,GB0002634946,"Aerospace, Arms industry, Information security",British Aerospace Marconi Electronic Systems,"London & Farnborough, UK",Worldwide,"Sir Roger Carr (chair­person), Charles Woodburn (CEO)",Civil and military aerospace Defence electronics Naval vessels Munitions Land warfare systems,£ 16.82 billion (2018),£1.61 billion (2018),£1.03 billion (2018),£24.75 billion (2018),£5.62 billion (2018),"85,800 (2020)",,BAE Systems Inc. BAE Systems Australia BAE Systems Applied Intelligence,baesystems.com,£24.75 billion (2018)
Airbus,Airbus SE,Societas Europaea (SE),Euronext Paris : AIR BMAD : AIR FWB : AIR CAC 40 Component Euro Stoxx 50 component,NL0000235190,"Aerospace, Defence",,"Leiden, Netherlands (headquarters), Blagnac, Greater Toulouse, France (main office) , Barcelona, Spain (international office)",Worldwide,Denis Ranque (Chairman) Guillaume Faury (CEO),"Civilian A220, A300, A310, A318, A319, A320, A321, A330, A340, A350, A380",€ 63.70 billion (2018),€5.04 billion (2018),€3.05 billion (2018),€115.19 billion (2018),€9.72 billion (2018),"133,671 (2018 )",,"Airbus Corporate Jets, Airbus Operations S.A.S., Navblue, Stelia Aerospace, Testia",www.airbus.com,€115.19 billion (2018)
United Technologies,United Technologies Corporation,Public,NYSE : UTX DJIA Component S&P 100 Component S&P 500 Component,US9130171096,Conglomerate,,"Farmington, Connecticut, United States",Worldwide,"Gregory J. Hayes, (President, Chairman and CEO)",,US$ 66.501 billion (2018),US$8.553 billion (2018),US$5.269 billion (2018),US$134.211 billion (2018),US$38.446 billion (2018),"240,000 (2018)",,,www.utc.com,US$134.211 billion (2018)
L3 Technologies,"L3 Technologies, Inc.",,NYSE : LLL,US5024131071,"Aerospace, Defense",,"New York City, New York, United States",Worldwide,Michael T. Strianese (Chairman/C.E.O.) Christopher E. Kubasik (CEO and President),"AVCATT, ISR systems, numerous specialized components, electronics, avionics",US$ 9.573 billion (2017),US$ 1.020 billion (2017),US$ 986 million (2017),US$ 12.73 billion (2017),US$ 5.15 billion (2017),"38,000 (2017)",,,www.l3t.com,US$ 12.73 billion (2017)
Huntington Ingalls Industries,"Huntington Ingalls Industries, Inc.",Public,"NYSE: HII, S&P 500 component",US4464131063,"Defense, Shipbuilding, Government Services, Oil & Gas",,"Newport News, Virginia, United States",Worldwide,Thomas B. Fargo (Chairman) C. Michael Petters (President and CEO),,$8.2 billion (2018),,$836 million (2018),,,"40,000 (2019)",,,huntingtoningalls.com,
Honeywell,Honeywell International Inc.,Public,"NYSE: HON, S&P 100 Component, S&P 500 Component",US4385161066,Conglomerate,,"Charlotte, North Carolina, United States",Worldwide,Darius Adamczyk (chairman and CEO),,US$ 41.802 billion (2018),US$6.859 billion (2018),US$6.765 billion (2018),US$57.773 billion (2018),US$18.358 billion (2018),"114,000 (2018)",,,honeywell.com,US$57.773 billion (2018)
United Aircraft,United Aircraft Corporation,,,,Aerospace,,"Hartford, Connecticut, United States",,"Frederick Rentschler, founder; George J. Mead, senior engineer",,,,,,,,,,,
Leidos,"Leidos Holdings, Inc.",Public,"NYSE: LDOS, S&P 500 component",US5253271028,"National security, defense, healthcare, engineering",,"Reston, Virginia, U.S.",,Roger Krone (CEO),,US$ 10.17 billion (2017),US$559 million (2017),US$364 million (2017),,,"32,000 (2017)",,,leidos.com,
Harris Corporation,Harris Corporation,,NYSE : HRS S&P 500 Component,US4138751056,Aerospace and defense,,"Melbourne, Florida, United States",,"William M. Brown, Chairman, (president & CEO since November 1, 2011)",Defense and Communications,US$ 7.4 billion (2016),,,,,"17,000 (2017)",,,www.harris.com,
BAE Systems Inc.,BAE Systems Inc.,Subsidiary,,,Aerospace and Defence,,"Arlington, Virginia, United States",,"Gerard ""Jerry"" DeMuro (President & CEO)","Civil and military aerospace, naval vessels, munitions, land warfare systems, others",,,,,,"29,600 (2017)",BAE Systems,BAE Systems Electronic Systems (ES) BAE Systems Intelligence & Security (I&S) BAE Systems Platforms & Services (P&S),www.baesystems.com/en-us/home,
Booz Allen Hamilton,Booz Allen Hamilton Holding Corporation,Public,NYSE : BAH Russell 1000 Component,US0995021062,"Management consulting, Information technology consulting",,"McLean, Virginia, U.S.",,"Horacio D. Rozanski, (President & Chief Executive Officer) , John Michael McConnell, (Vice Chairman)",,US$6.7 billion (2019),,$419 million USD (FY 2019),,,"25,803 (2019)",,,www.boozallen.com,
Naval Group,Naval Group,société anonyme,,,"Defence, Shipbuilding, Engineering",,"Paris, Île-de-France, France",Worldwide,Hervé Guillou (CEO),"Warships, shipboard weapons, offshore engineering, nuclear engineering marine renewable energies",€ 3.608 billion (2018),,€ 178.2 million (2018),,,"13,612 (2018)",,,www.naval-group.com,
Rheinmetall,Rheinmetall AG,Aktiengesellschaft,FWB : RHM,DE0007030009,"Automotive, Defence",,"Düsseldorf, Germany",,Armin Papperger (CEO and chairman of the executive board) Ulrich Grillo (Chairman of the supervisory board),"Automotive parts, military vehicles, Autocannons, ATGMs, Anti-aircraft defence systems, artillery, mortars, tank guns, munitions, ammunition, fuze systems, electronics",€6.148 billion (2018),€492 million (2018),€354 million (2018),€6.759 billion (end 2018),€2.172 billion (end 2018),"24,949 (2018)",,Rheinmetall MAN Military Vehicles (51 %),www.rheinmetall.com,€6.759 billion (end 2018)
MBDA,MBDA,,,,Defence,,"Le Plessis-Robinson, France Stevenage, United Kingdom Rome, Italy Schrobenhausen, Germany",,Antoine Bouvier (CEO),"Missiles, missiles systems, countermeasures, countermining",€ 3.1 billion (2017),,,,,">10,500",,Matra Électronique,www.mbda-systems.com,
General Electric,General Electric Company,Public,"NYSE: GE, S&P 100 component, S&P 500 component",US3696041033,Conglomerate,,"Boston, Massachusetts, U.S.",Worldwide,H. Lawrence Culp Jr. (Chairman & CEO),"Aircraft engines, Electrical distribution, Electric motors, Energy, Finance, Health care, Lighting, Software, Wind turbines",US$ 121.615 billion (2018),US$ −20.717 billion (2018),US$ −22.355 billion (2018),US$ 309.129 billion (2018),US$ 30.981 billion (2018),"283,000 (2018)",,"GE Additive, GE Aviation, GE Capital, GE Digital, GE Global Research, GE Healthcare, GE Lighting, GE Power, GE Renewable Energy, GE Ventures",GE.com,US$ 309.129 billion (2018)
Mitsubishi Heavy Industries,"Mitsubishi Heavy Industries, Ltd.",Public KK,TYO : 7011,JP3900000005,Engineering Electrical equipment Electronics Defense,,"Marunouchi, Tokyo, Japan",Global,"Shunichi Miyanaga (Chairman) Seiji Izumisawa (CEO, CSO and President)",,¥ 4078.3 billion (2018),¥311.6 billion (2018),¥186.7 billion (2018),¥5142.7 billion (2018),¥1748.8 billion (2018),"82,728",,"Mitsubishi Aircraft Corporation, Mitsubishi Caterpillar Forklifts, Mitsubishi FBR Systems, Mitsubishi Hitachi Power Systems",www.mhi.com,¥5142.7 billion (2018)
Textron,Textron Inc.,Public,"NYSE: TXT, S&P 500 Component",US8832031012,Aerospace industry Automotive industry Defence industry,,"Providence, Rhode Island, US",,"Scott C. Donnelly (Chairman, CEO, President, Member of the Management Committee)",,US$ 13.423 billion (2015),US$698 million (2015),US$698 million (2015),US$14.708 billion (2015),US$4.964 billion (2015),"35,000 (2015)",,"AAI Corporation, Able Aerospace Services, Advanced Information Solutions, Arctic Cat, Avco, Beechcraft, Bell Helicopter, Cessna Aircraft, E-Z-GO, Geospatial Solutions, Greenlee, Jacobsen Manufacturing, Kautex, Lycoming Engines, Textron AirLand, Textron Marine & Land Systems, Textron Weapon & Sensor Systems, TRU Simulation & Training",www.textron.com,US$14.708 billion (2015)
Elbit Systems,Elbit Systems Ltd.,Public,TASE : ESLT NASDAQ : ESLT,IL0010811243,Defence Electronics,,"Haifa, Israel",,Michael Federmann (Chairman) Bezhalel Machlis (CEO and President),,US$ 3.7 billion (2018),,US$470.8 million (2018),,,"17,000 (2019)",,Elbit Systems of America Elbit Systems Electro-Optics – Elop Elbit Systems Land and C 4 I Elbit Systems EW and SIGINT – Elisra,www.elbitsystems.com,
CACI,CACI International Inc,Public,"NYSE: CACI, S&P 400 component",US1271903049,Information technology,,"Arlington County, Virginia, United States",,"J.P. (Jack) London (Executive Chairman and Chairman of the Board), John Mengucci (President and CEO)",,US$ 4.35 billion (2017),US$297.3 million (2017),US$163.7 million (2017),,,21 (2019),,,caci.com,
Safran,Safran S.A.,Société Anonyme,Euronext : SAF CAC 40 Component,FR0000073272,Aerospace Defense,,"Paris, France",,Philippe Petitcolin (CEO) Ross McInnes (Chairman),"Rocket and aircraft engines and equipment, defence electronics, avionics, navigation system, communications systems, satellites",€ 21.05 billion (2018),€3.02 billion (2018),€1.98 billion (2018),€40.62 billion (end 2018),€12.30 billion (End 2018),"91,000 (01/01/2019)",,,www.safran-group.com,€40.62 billion (end 2018)
Babcock International,Babcock International Group plc,Public limited company,LSE : BAB,GB0009697037,Support services,,"London, United Kingdom",worldwide,Mike Turner (Chairman) Archie Bethel (CEO),,"UK£ 4,659.6 million (2018)",UK£ 439.1 million (2018),UK£ 337.7 million (2018),,,"35,427 (2018)",,Cavendish Nuclear Babcock Mission Critical Services Onshore Babcock Mission Critical Services Offshore Babcock Canada Babcock Mission Critical Services Portugal Babcock Mission Critical Services (Australia) Babcock Mission Critical Services Italia Babcock Mission Critical Services Germany Babcock Mission Critical Services España Norsk Helikopterservice Scandinavian AirAmbulance Babcock Marine WRN Broadcast Conbras Serviços Técnicos de Suporte LTDA Babcock Education,babcockinternational.com,
Israel Aerospace Industries,Israel Aerospace Industries Ltd.,Government-owned corporation,TASE : ARSP.B1,,Defense Industrial manufacturing,,"Lod, Israel",,Nimrod Shefer (CEO and President) [ citation needed ],Military Weapons and Equipment.,$3.7 Billion USD (2018),$1.5 Billion USD (2018),$315 Million USD (2018),,,"15,000",,ELTA Systems LTD,www.iai.co.il,
Science Applications International Corporation,Science Applications International Corporation,Public company,NYSE : SAIC S&P 400 Component,,Information technology and engineering,,"Reston, Fairfax, Virginia, United States",worldwide,Donna Morea (chairman) Nazzic S. Keene (chief executive officer),,US$4.7 billion (annual),,,US$4.6 billion,,"23,127 (2018)",,,saic.com,US$4.6 billion
AECOM,,Public company,"NYSE: ACM, S&P 400 component",US00766T1007,Professional services,,"Los Angeles, California",Worldwide,Michael S. Burke (Chairman & CEO),,US$ 18 billion (2017),US$652 million (2017),US$339 million (2017),US$14.397 billion (2017),US$3.996 billion (2017),"~87,000 (2017)",,,www.aecom.com,US$14.397 billion (2017)
Hindustan Aeronautics Limited,Hindustan Aeronautics Limited,State-owned enterprise,"NSE: HAL, BSE: / 541154",,Aerospace and Defence,,"Bangalore, Karnataka, India",,"R Madhavan, (Chairman and Managing director)",Transport aircraft Fighter aircraft Helicopters,"₹ 17,406 crore (US$2.4 billion) (2016/17)","₹ 3,294 crore (US$460 million) (2016/17)","₹ 2,692.5 crore (US$380 million) (2014)","₹ 63,898.42 crore (US$9.0 billion) (2014)","₹ 15,014.64 crore (US$2.1 billion) (2014)","32,108 (March 2014)",,,www.hal-india.com,"₹ 63,898.42 crore (US$9.0 billion) (2014)"
Rockwell Collins,"Rockwell Collins, Inc.",,,US7743411016,"Aerospace industry, Defense",,"Cedar Rapids, Iowa, USA",,,"Avionics, Radios",US$6.822 billion (2017) : 28,US$ 1.102 billion (2017),US$ 705 million (2017),,,"31,200 (2018) (2017)",,,www.rockwellcollins.com/,
Hanwha Aerospace,"Hanwha Aerospace Co., Ltd.",Public,KRX : 012450,,Aerospace,,"Seongsan, Changwon, Gyeongsangnam-do, South Korea",,Hyun-Woo Shin (President),,"4,215 Billion KRW (2017)",,,"5,748 Billion KRW (2017)",,"2,559 (2017)",Hanwha Group,,hanwhaaerospace.com,"5,748 Billion KRW (2017)"
Kawasaki Heavy Industries,Kawasaki Heavy Industries Ltd.,Public KK,TYO : 7012,JP3224200000,Heavy equipment Automotive Defense,,"Chūō-ku, Kobe Minato, Tokyo, Japan",,Shigeru Murayama (Chairman) Sobhan Soren KD (President),"Rolling stock, Aerospace, Shipbuilding, Construction, Automobiles",0 ¥1.3 trillion (2011),0 ¥57.4 billion (2011),"0 ¥23.3 billion (March 31, 2012)","0 ¥1.3 trillion (March 31, 2012)",0 ¥315.9 billion (2011),"34,010 (As of 31 March 2013)",,"Kawasaki Heavy Industries Aerospace Company, Kawasaki Heavy Industries Rolling Stock Company, Kawasaki Shipbuilding Corporation, Kawasaki Heavy Industries Motorcycle & Engine",www.khi.co.jp(Japanese site)global.kawasaki.com(global site),"0 ¥1.3 trillion (March 31, 2012)"
High Precision Systems,High Precision Systems,,,,Defense,,"Moscow, Russia",,,,$1.98 billion (2016),,$236 million (2016),,,"28,278 (2016)",Rostec,,www.npovk.ru,
General Atomics,General Atomics,Private,,,"Energy, Defense, Aerospace industry, and Technology",,"San Diego, California, United States",,J. Neal Blue Linden S. Blue,"Unmanned aerial vehicles, SiGA TM, EM 2, EMALS, AAG, Predator, Gray Eagle, Reaper",,,,,,"15,000",General Atomics,"General Atomics Aeronautical Systems, General Atomics Systems Integration, Diazyme, ConverDyn, Cotter, Nuclear Fuels Corporation",GA.com,
Fincantieri,Fincantieri S.p.A.,Listed società per azioni,BIT : FCT,IT0001415246,Shipbuilding,,"Trieste, Italy",worldwide,Giuseppe Bono (CEO),"Warships, Luxury yachts, Cruise ships, Merchant vessels, Platform supply vessels",€ 5.4 billion (2018),€ 277 million (2018),€ 69 million (2018),,€ 1.2 billion (2018),19000 (2018),,,www.fincantieri.it,
Russian Helicopters,JSC Russian Helicopters,Joint-stock company,,,Aerospace,,"Moscow, Russia",Worldwide,"Andrey Boginsky (CEO) , Vladimir Artyakov (Chairman)",Civilian and military Helicopters,$3.2 billion (2016),$483 million (2016),$242 million (2016),$5.49 billion (2016),$1.77 billion (2016),46000,Rostec,,www.russianhelicopters.aero/en/,$5.49 billion (2016)
ASELSAN,ASELSAN A.Ş.,Anonim Şirket,BİST : ASELS,TRAASELS91H2,Defence Software Electronics,,"Ankara, Turkey",,Haluk Görgün (present CEO),,US$ 1.143 billion (2014),,,,,"5,335",,,aselsan.com.tr,
Krauss-Maffei Wegmann,Krauss-Maffei Wegmann GmbH & Co. KG,Private (GmbH & Co KG),,,Defence,"Krauss-Maffei (defence division), Wegmann & Co.","Munich, Germany",,"Frank Haun (Managing Director), Manfred Bode (Chairman)",,,,,,,"2,771 (2014)",KNDS,,www.kmweg.com,
Ordnance Factory Board,Ordnance Factory Board,Government Organisation,,,Defence,,"Ayudh Bhawan, Kolkata",Worldwide,"Hari Mohan IOFS (Director General Ordnance Factories & Chairman, OFB)","Small arms, aircraft weapons, anti-aircraft warfare, naval weapons, anti-ship warfare, anti-submarine warfare, anti-tank warfare, missiles, missile launchers, rockets, rocket launchers, bombs, grenades, mortars, mines, metals, alloys, machine tools, military vehicles, engines, armoured vehicles, parachutes, optoelectronics, chemicals, clothing, artillery, ammunition, propellants, explosives",$2 billion (₹ 13687.22 crores) (2017–'18),,,,,"~80,000",,,www.ofb.gov.in,
Bell Textron,Bell Textron Inc.,Subsidiary,,,Aerospace Defense,,"Fort Worth, Texas, US",,Mitch Snyder (President & CEO),"Helicopters, Tiltrotors",,,,,,,Textron,,www.bellflight.com,
ThyssenKrupp,Thyssenkrupp AG,Aktiengesellschaft,FWB : TKA LSE : 0O1C,DE0007500001,Conglomerate,,"Duisburg and Essen, Germany",Worldwide,"Executive board : Martina Merz (CEO) , Oliver Burkhard, Johannes Dietsch, Klaus Keysberg Supervisory board : Siegfried Russwurm (Chairman)","Steel, stainless products, automotive technologies, plant technologies, elevator systems, marine systems, shipbuilding, firearms",€ 34.77 billion (2018),€472 million (2018),€8.0 million (2018),€34.49 billion (2018),€2.80 billion (2018),"161,096 (2018)",,,www.thyssenkrupp.com,€34.49 billion (2018)
DynCorp,DynCorp International Inc.,Private,,US26817C1018,"Military contractor, service-focused",,"McLean, Virginia (2013)",Worldwide,"George Krivo, CEO (2017)","Aviation maintenance, air operations, drug eradication, law enforcement training, logistics, contingency operations, security services, operations and maintenance for land vehicles (MRAPs), maintenance for aircraft, support equipment, and weapons systems, intelligence training and solutions, international development",US$ 3.047 billion (2010) [ citation needed ],US$ 120.00 million (2008) [ citation needed ],US$ 47.95 million (2008) [ citation needed ],US$ 1.402 billion (2008) [ citation needed ],US$ 424.29 million (2008) [ citation needed ],"14,000 (2007) [ better source needed ]",,,Dyn-intl.com,US$ 1.402 billion (2008) [ citation needed ]
Korea Aerospace Industries,"Korea Aerospace Industries, Ltd.",Public,KRX : 047810,,"Aerospace, Defense",,"Sacheon, South Gyeongsang Province, South Korea",,"Sung-Yong, Ha Kim, Jo-won","Civil aircraft, Military aircraft, Satellites",US$ 2.51 billion (2015),US$248 million (2015),US$157 million (2015),US$2.35 billion (2015),US$1.01 billion (2015),"3,530 (2015)",,,koreaaero.com,US$2.35 billion (2015)
ST Engineering,Singapore Technologies Engineering Ltd,Public,SGX : S63,,"Engineering, Defense",,Singapore,,DY (President & CEO),Commercial and Military Aerospace Electronics and Infocomm Technologies Naval and Commercial Shipbuilding Defence Land Systems,$6.34 billion SGD (2015),,$529 million SGD (2015),,,"23,000 (2016)",,ST Kinetics ST Aerospace ST Marine ST Electronics ST Dynamics,www.stengg.com,
Jacobs Engineering Group,Jacobs Engineering Group Inc.,Public,NYSE : J S&P 500 Component,US4698141078,Engineering Architect Construction,,"Harwood Center Dallas, Texas , United States",Worldwide,Steven J. Demetriou (Chairman and CEO) Dawne Hickton (COO space/tech/nuclear),,US$ 14.98 billion (2018),US$ 648.0 million (2018),US$ 163.4 million (2018),,"US$ 5,854.3 million (2018)","80,000 (2019)",,,www.jacobs.com,
LIG Nex1,"LIG Nex1 Co., Ltd.",,,,Defense industry,,,South Korea,,"Missiles, ATGMs, torpedoes, radars, electronics, avionics, fire-control systems, communication systems",,,,,,,LIG Group,,www.lignex1.com/,
TransDigm Group,TransDigm Group Incorporated,Public,NYSE : TDG S&P 500 Component,US8936411003,"Manufacturing, Aerospace",,"Cleveland, Ohio, United States",,"Kevin M. Stein, Chief Executive Officer ; Raymond F. Laubenthal, President and Chief Operating Officer ; Gregory Rufus, Chief Financial Officer ; James Riley, Executive Vice President ; Robert S. Henderson, Executive Vice President",Aerospace components,US$ 5.50 billion (2018),US$ 699.8 million (2012),US$ 324.9 million (2012),US$ 5.46 billion (2012),US$ 1.22 billion (2012),"22,709 (2019)",,15,www.transdigm.com,US$ 5.46 billion (2012)
Uralvagonzavod,UralVagonZavod,Public limited company,,,Defense industry machine industry,,"Nizhny Tagil, Sverdlovsk Oblast, Russia",worldwide,Vladimir Artyakov (Chairman) Alexander Potapov (CEO),"Artillery, Howitzers, Self-propelled artillery, Naval artillery, Mortars, Tanks, Main battle tanks, Military vehicles, Remote weapon stations, Turrets, Autocannons, Tractors, Bulldozers, Heavy equipment, Railway vehicles, Containers",$2.22 billion (2017),$81.1 million (2016),-$79.1 million (December 2016),,,"30 000 est,",Rostec,,uralvagonzavod.ru,
Melrose Industries,Melrose Industries plc,Public limited company,LSE : MRO,GB00BV9FYX34,Finance,,"London, England, UK",,"Justin Dowley (chair­person), Simon Peckham (CEO)",,"£ 8,605 million (2018)",£ (392) million (2018),£ (475) million (2018),,,,,,www.melroseplc.net,
United Launch Alliance,United Launch Alliance,Private,,,Aerospace,,"Centennial, Colorado, U.S.",,Tory Bruno (CEO),"Atlas V, Delta IV, Vulcan",,,,,,"2,500",Boeing,,ulalaunch.com,
Ukroboronprom,State Concern Ukroboronprom,State-owned enterprise,,,Conglomerate: Defense industry,,"Kyiv, Ukraine",Worldwide,Aivaras Abromavičius (Director General),"Munitions, Small arms, Artillery, Explosives, Combat vehicle, Warship, Civil and military aerospace, Engines, Missiles, Electro-optical devices, CBRN defense",,,"28,3 Billion ₴ (2016)",,,"<80,000",,,ukroboronprom.com.ua,
Bharat Electronics Limited,Bharat Electronics Limited,State-owned enterprise,BSE : 500049 NSE : BEL,,Aerospace and defence,,"Bengaluru, Karnataka, India",,M V Gowtama (Chairman & Managing Director),"Avionics, radars, weapon systems, C4I systems, electronic voting machines, etc.","10,000 cr ($1.42 Billion USD) 2017",,,,,,,,www.bel-india.in,
ManTech International,ManTech International,Public,NASDAQ : MANT (Class A) S&P 600 Component,,"National Security, Defense, Professional Services",,"Herndon, Virginia",Worldwide,"George J. Pedersen (Executive Chairman), Kevin Phillips (President and CEO)",,$ 2.0 billion (2018),$ 113 million (2018),$ 82 million (2018),$ 1.8 billion (2018),$ 1.4 billion (2018),"7,800 (approx) (2018)",,,www.ManTech.com,$ 1.8 billion (2018)
Fluor Corporation,Fluor Corporation,Public,"NYSE: FLR, S&P 400 component",US3434121022,Engineering and construction,,"Irving, Texas, United States",,Carlos Hernandez CEO,,US$ 19.166 billion (2018),US$481.8 million (2018),US$224.8 million (2018),US$8.9 billion (2018),US$3.1 billion (2018),"53,349 (December 2018)",,,fluor.com,US$8.9 billion (2018)
Fujitsu,Fujitsu Ltd.,Public Company (KK),"TYO: 6702, TOPIX Large 70 Component",JP3818000006,"Computer hardware, Computer software, IT services, IT consulting, Telecommunications",,"Shiodome City Center, Minato, Tokyo, Japan",Worldwide,"Masami Yamamoto (Chairman), Tatsuya Tanaka (President)",See products listing,¥ 4.098 trillion (2018) [* 1],¥182.5 billion (2018) [* 1],¥169.3 billion (2018) [* 1],¥3.121 trillion (2018) [* 1],¥1.087 trillion (2018) [* 1],"140,365 (2018)",,,www.fujitsu.com,¥3.121 trillion (2018) [* 1]
Serco,Serco Group plc,Public limited company,LSE : SRP,GB0007973794,Government Services,,"Hook, England, UK",,Sir Roy Gardner (chairman) Rupert Soames (CEO),,"£ 2,836.8 million (2018)",£80.5 million (2018),£67.4 million (2018),,,"50,000 (2019)",,,www.serco.com,
GKN,GKN plc,Public limited company,,GB0030646508,Automotive Aerospace,,"Redditch, Worcestershire – England",,"Michael Turner, CBE (Chairman) Nigel Stein (CEO)",Vehicle and aircraft components,"£ 9,671 million (2017)",£ 699 million (2017),£ 509 million (2017),,,"58,000 (2017)",,,www.gkn.com,
Teledyne Technologies,"Teledyne Technologies, Inc.",Public company,NYSE : TDY S&P 400 Component,,Conglomerate,,"Thousand Oaks, CA, US",Worldwide,Robert Mehrabian (Executive Chairman),,US$ 2.902 billion (2018),$ 447 million (2018),$ 333.8 million (2018),$ 3.809 billion (2018),$ 2.229 billion (2018),"10,850 (2018)",,,Teledyne.com,$ 3.809 billion (2018)
Navantia,"Navantia, S.A.",State-owned enterprise,,,"Defence, Shipbuilding, Engineering",,"Madrid, Community of Madrid, Spain",Worldwide,Susana Sarriá (Chairman and President),"Warships, Hospital ship, Yachts, Ferries, Cargo ships, Platform supply vessels, Dredger, Marine propulsion, Offshore engineering",€ 1 082 million (2018),,€ -225 million (2018),,,"5,500 (2015)",,Navantia Australia Navantia Systems SAES Sainsel Sistemas Navales SA,www.navantia.es,
Hensoldt,Hensoldt Holding GmbH,GmbH,,,"Defence, electronics, aerospace",,"Taufkirchen, Munich, Upper Bavaria, Bavaria, Germany",worldwide,Thomas Müller (CEO),"Electronic equipment, avionics, radars, telecommunications equipment, software",$1.311 billion (2018),,,,,"4,400",KKR & Co. L.P.,,www.hensoldt.net,
Aerojet Rocketdyne,Aerojet Rocketdyne,Division,,US0078001056,Aerospace and Defense,,"El Segundo, California, U.S.",,,Rocket motor and missile propulsion,,,,,,,Aerojet Rocketdyne Holdings,,www.rocket.com,
Austal,Austal Limited,Public limited company,ASX : ASB,AU000000ASB3,"Defence, Shipbuilding",,"Henderson, Western Australia,",Worldwide,"John Rothwell (Chairman), David Singleton (CEO)","High-speed craft, Platform supply vessels, Warships","A$1.309 billion (2017), A$1.339 billion (2016)","A$29 million (2017), A$-137 million (2016)","A$15 million (2017), A$-84 million (2016)",,,"5,500 (2016)",,"Austal USA, Austal Philippines",www.austal.com,
Turkish Aerospace Industries,Türk Havacılık ve Uzay Sanayi A.Ş.,Anonim Şirket,,,"Aerospace, Defence",,"Ankara, Ankara, Turkey",Worldwide,Oğuz Borat (Chairman) Temel Kotil (President and CEO),"Aircraft, Satellites",US$ 1.43 billion (2017),,,,,"8,500 (Feb, 19 2019)",,,www.tusas.com.tr,
BWX Technologies,"BWX Technologies, Inc.",Public,NYSE : BWXT Russell 1000 Component,,Government and Commercial Nuclear; Government Services,,"Lynchburg, Virginia, United States",Worldwide,Rex D. Geveden(CEO),Commercial Nuclear Services; Heavy Nuclear Components; Government Services,,,,,,"6,250 (2018)",,,www.bwxt.com,
Engility,"Engility Holdings, Inc.",Subsidiary,NYSE : EGL S&P 600 Component,,,,"Chantilly, Virginia, U.S.",United States,Lynn Dugle (CEO),,$1.93 billion (2017),,-$35.2 million (2017),,,"11,000 (January 2015)",Science Applications International Corporation,"TASC, Inc.",www.engility.com,
Meggitt,Meggitt PLC,Public limited company,LSE : MGGT,GB0005758098,Aerospace Defence,,"Bournemouth Airport, Dorset, United Kingdom",,"Sir Nigel Rudd (chair­person), Tony Wood (CEO)",,"£ 2,080.6 million (2018)",£ 256.6 million (2018),£ 179.0 million (2018),,,"over 12,000 (2019)",,,meggitt.com,
Massachusetts Institute of Technology,,Private Land grant Sea grant Space grant,,,,,,,,,,,,,,,,,web.mit.edu,
Curtiss-Wright,Curtiss-Wright Corporation,Public,NYSE : CW S&P 400 Component,US2315611010,Aerospace Defense Nuclear Power Generation General Industrial and other various industry,,"Davidson, North Carolina, U.S.",,David C. Adams (Chairman and CEO),"Valves, Pumps, Motors, Generators Instrumentation, Controls, Actuation, Sensors Embedded Computing Surface Treatment services",US$ 2.41 billion (FY 2018),US$ 373.6 million (FY 2018),,,,"9,000 (2019)",,,curtisswright.com,
Austal USA,Austal USA,Subsidiary,,,Shipbuilding,,"100 Addsco Road Mobile, Alabama, U.S.",,,Aluminium commercial and defense vessels,,,,,,"4,000+",Austal,,usa.austal.com,
Sierra Nevada Corporation,Sierra Nevada Corporation,Private,,,Aerospace,,"Sparks, Nevada",,"Fatih Ozmen, CEO; Eren Ozmen, President",Spacecraft Telemedicine Navigation and Guidance Information Management C4ISR Electronic Protection Cybersecurity,,,,,,"<4,000> (2019)",,,sncorp.com,
Nexter Systems,Nexter S.A.,Société Anonyme,,,Defence,,"Roanne, Loire, France",,,,,,,,,,KNDS,,www.nexter-group.fr,
RUAG,RUAG Holding Ltd,Aktiengesellschaft,,,Aerospace engineering and defense industry,,"Bern, Bern-Mittelland, Bern, Switzerland",Worldwide,Dr. Remo Lütolf (Chairman) Urs Breitmeier( CEO),All kind of technical products from ammunition to satellite equipment,"CH₣ 1,998 million (2018)",CH₣ 106 million (2018),CH₣ 74 million (2018),,,"9,127 (2018)",,RUAG MRO International RUAG International,www.ruag.com,
Arconic,Arconic Inc.,Public,"NYSE: ARNC, S&P 500 component",US03965L1008,Manufacturing,,"201 Isabella Street, Pittsburgh, Pennsylvania , United States",,John C. Plant (CEO),,$ 14 billion (FY 2018),$ 1.3 billion (FY 2018 ATOI),$ 0.64 billion (FY 2018),$ 18.70 billion (FY 2018),$ 6.5 billion (FY 2018),"41,500 (October 2018)",,,arconic.com,$ 18.70 billion (FY 2018)
Ball Corporation,Ball Corporation,Public,NYSE : BLL S&P 500 Component,US0584981064,"Packaging, aerospace",,"Broomfield, Colorado, United States",,John A Hayes (CEO),"Metal containers, packaging, space manufacturing",US$11.635 billion (FY 2018),US$468.6 million (FY 2011),US$454 million (FY 2018),US$16.554 billion (FY 2011),US$1.219 billion (FY 2011),"18,300 (2017)",,,ball.com,US$16.554 billion (FY 2011)
Qinetiq,QinetiQ Group plc,Public limited company,LSE : QQ.,GB00B0WMWD03,Aerospace Defence Research and development,,"Farnborough, Hampshire, United Kingdom",,Mark Elliott (chairman) Steve Wadey (CEO),"Defence, security, aviation and energy and environment",£ 833.0 million (2018),£ 122.5 million (2018),£ 138.1 million (2018),,,"6,143 (2018)",,,qinetiq.com,
"Viasat, Inc.","Viasat, Inc.",Public,NASDAQ : VSAT S&P 400 Component,,Communications,,"Carlsbad, California, U.S.",,"Mark D. Dankberg (Chairman, CEO), Richard A. Baldridge (President, COO), Shawn Duffy (CFO)","Military communications equipment, High-speed satellite modems, MIDS and Tactical Data Links, Mobile Satcom, Antenna systems, VSAT networks, Broadband systems",US$2.1 billion (2019),,US$-67.6 million (2019),,,"5,600 (2019)",,NetNearU,viasat.com,
Mitsubishi Electric,Mitsubishi Electric Corporation,Public KK,TYO : 6503 LSE : MEL,JP3902400005,Electrical equipment Electronics,,"Tokyo Building, 2-7-3, Marunouchi, Chiyoda, Tokyo, Japan",,"Setsuhiro Shimomura (Chairman) , Masaki Sakuyama (President & CEO)","Energy and electric systems, electronic devices, industrial automation systems, home appliances, information and communication systems and space systems","¥4,394.4 billion (2017)",¥235.0 billion (2014),¥153.5 billion (2014),"¥3,612.9 billion (2014)","¥1,600 billion (2014)","138,700 (2018)",Mitsubishi,,www.mitsubishielectric.com,"¥3,612.9 billion (2014)"
HMNB Devonport,,Naval base,,,,,,,,,,,,,,,,,,
NEC,NEC Corporation,Public KK,TYO : 6701,JP3733000008,"Information technology, Electronics",,"Shiba, Minato, Tokyo, Japan",Worldwide,"Nobuhiro Endo (Chairman), Takashi Niino (President)","Telecommunications equipment, Servers, Consumer electronics, Domestic appliances, Lighting",¥ 2.91 trillion (2019),¥58.5 billion (2019),¥40.2 billion (2019),¥2.95 trillion (2019),¥1.06 trillion (2019),"109,390 (2019)",,"NEC Corporation of America, NEC Europe",www.nec.com,¥2.95 trillion (2019)
Amphenol,Amphenol Corporation,Public,"NYSE: APH (Class A), S&P 500 component",US0320951017,electronics,,"Wallingford, Connecticut, U.S.",,"R. Adam Norwitt, President and CEO","Coaxial cables, Connectors",US$ 7.011 billion (2017),US$ 1.428 billion (2017),US$ 660.7 million (2017),US$ 10.004 billion (2017),US$ 4.043 billion (2017),"70,000 (December 2017)",,,amphenol.com,US$ 10.004 billion (2017)
Airbus,Airbus SE,Societas Europaea (SE),Euronext Paris : AIR BMAD : AIR FWB : AIR CAC 40 Component Euro Stoxx 50 component,NL0000235190,"Aerospace, Defence",,"Leiden, Netherlands (headquarters), Blagnac, Greater Toulouse, France (main office) , Barcelona, Spain (international office)",Worldwide,Denis Ranque (Chairman) Guillaume Faury (CEO),"Civilian A220, A300, A310, A318, A319, A320, A321, A330, A340, A350, A380",€ 63.70 billion (2018),€5.04 billion (2018),€3.05 billion (2018),€115.19 billion (2018),€9.72 billion (2018),"133,671 (2018 )",,"Airbus Corporate Jets, Airbus Operations S.A.S., Navblue, Stelia Aerospace, Testia",www.airbus.com,€115.19 billion (2018)
Pratt & Whitney,Pratt & Whitney,Subsidiary,,,"Aerospace, electricity generation",,"East Hartford, Connecticut, United States",Worldwide,Robert Leduc (President),"Aircraft engines, gas turbines",US$16.160 billion (2017),US$1.460 billion (2017),,,,"38,737 (2017)",United Technologies,,www.pw.utc.com,
Exelis Inc.,Exelis Inc.,,NYSE : XLS,,Defense,,"Tysons Corner, Virginia, U.S. (McLean mailing address), United States",,David F. Melcher (President and CEO),,,,,,,"19,000",,,exelisinc.com,
Chengdu Aircraft Industry Group,Chengdu Aircraft Industry Group,State-owned,,,Defence,,"Chengdu, Sichuan, China",,Wang Guangya (Chairman),Military aircraft,,,,,,"20,000",Aviation Industry Corporation of China,,cac.avic.com,
Leonardo DRS,Leonardo DRS,Subsidiary of Leonardo S.p.A.,,,Defense,,"Arlington, Virginia, United States",,,,,,,,,,Leonardo,,www.drs.com,
Computer Sciences Corporation,,,NYSE : CSC,US2053631048,"IT services, IT consulting",,"Tysons Corner, Virginia, United States",Worldwide,"John Michael Lawrie (Chairman, President and CEO)",,,,,,,,,"Computer Sciences Raytheon, Xchanging",www.csc.com/,
United Defense,United Defense Industries,,,,Arms industry,,"Arlington, Virginia, US",,,,,,,,,,,,www.uniteddefense.com/,
Changhe Aircraft Industries Corporation,Changhe Aircraft Industries Corporation,State-owned,,,"Defence, Aerospace",,"Jingdezhen, Jiangxi, China",,Yu Feng (Chairman),"Military aircraft, helicopters",,,,CN¥ 4.3 billion,,4300,Aviation Industry Corporation of China,,www.changhe.com,CN¥ 4.3 billion
Airbus Helicopters,Airbus Helicopters SAS,Operating Division,,,Aerospace,,"Marseille Provence Airport Marignane, France",,Bruno Even (CEO),Helicopters,€5.9 billion (2018),,,,,"20,000",Airbus,Subsidiaries,airbus.com/helicopters,
Rostvertol,JSC Rostvertol,Open joint-stock company,,,,,"Rostov-on-Don, Russia",,,,$1.7 billion (2017),$392 million (2017),$287 million (2017),$2.1 billion (2017),$670 million (2017),"8,625 (2015)",Russian Helicopters,,www.rostvertolplc.ru/,$2.1 billion (2017)
Shenyang Aircraft Corporation,Shenyang Aircraft Corporation,State-owned,,,Defence,,"Shenyang, Liaoning, China",,Xie Genhua (Chairman),Military aircraft,,,,,,"15,000",Aviation Industry Corporation of China,,www.sac.com.cn,
China Electronics Technology Group,China Electronics Technology Group Corporation,State-owned enterprise,,,"Defence, Electronics, Telecommunications, IT",,"Haidian District, Beijing, China",worldwide,Xiong Qunli (Chairman and President),"Radars, Unmanned aerial vehicles, Electronic equipment, Telecommunications equipments, Software, Internetworking","220,427,000,000 renminbi (2018)",CN¥ 188 billion (2016),CN¥ 18.31 billion (2016),,,"140,493",SASAC of the State Council,CET HIK Group (100%),www.cetc.com.cn,
China National Aero-Technology Import & Export Corporation,China National Aero-Technology Import & Export Corporation,State-owned,,,Defense,,"Beijing, China",Worldwide,"Yang,Ying (President) Wu, Shengyue (Chairman of the Board)",Military aircraft Defense Technology Advanced electronic sensors and systems,,,,Over CN¥ 40 billion (2007),,"Over 500,000 (2012)",,,CATIC.cn/en,Over CN¥ 40 billion (2007)
Comac,"Commercial Aircraft Corporation of China, Ltd.",State-owned,,,Aerospace,,Shanghai,,Jin Zhuanglong (Chairman of the Board) He Dongfeng (Chief Executive),Commercial airliners,,,,,,,,,www.comac.cc,
Electronic Data Systems,Electronic Data Systems (EDS),,,US2856611049,Information technology services,,"Plano, Texas, USA",,,Computer Services,US$ 22.1 billion (2007),,,,,"136,000",General Motors 1984–1996 Hewlett-Packard 2008–2015 Hewlett-Packard Enterprise 2015-2017 DXC Technology 2017–present,,www.eds.com,
China National Electronics Import & Export Corporation,China National Electronics Import & Export Corporation,State owned enterprise,,,Defense electronics; public security systems; construction engineering; logistics; international business consulting,,"Beijing, China",,,,,,,,,,,,ceiec.com,
China National Nuclear Corporation,China National Nuclear Corporation,State-owned,,,Nuclear technology,,"Beijing, China",,Sun Qin (President),"Nuclear weapons, nuclear power generation",,,,,,"100,000",,China Nuclear International Uranium Corporation,http://en.cnnc.com.cn/,
Frontier Services Group,Frontier Services Group,Publicly-listed SOE,SEHK : 500,,"Private security, logistics, and insurance",,"Hong Kong, China",,Erik Prince,,,,,,,,CITIC Group,,fsgroup.com,
China Precision Machinery Import-Export Corporation,China Precision Machinery Import-Export Corporation,State-owned,,,Defense,,"Beijing, China",,,Air defense systems,,,,,,,,,,
China Poly Group,China Poly Group Corporation,,,,,,"Beijing, China",,"Zhengao Zhang (President and Director), Xu Wang (Vice President), Ming Xue (Vice President), Wang Lin (Vice President)",,"305,646,000,000 renminbi (2018)",,,,,,,,www.poly.com.cn/,
Northrop Grumman Innovation Systems,Northrop Grumman Innovation Systems,Operating Division,,US68557N1037,Space industry Aerospace industry Defense industry,"Alliant Techsystems, Orbital Sciences Corporation","Dulles, Virginia, U.S.",Worldwide,"David W. Thompson (President and CEO), Blake E. Larson (COO), Garrett E. Pierce (CFO), Antonio L. Elias (CTO)","Electronics, Rocket engines, Military vehicles, Firearms, Autocannons, Missiles, Ammunition, Precision-guided munitions, Satellites, Missile approach warning systems, Launch vehicles, Spacecraft ,",US $ 4.455 billion (2016),,US$ 293 million (2016),US$ 5.418 billion (2016),US$ 1.817 billion (2016),"~12,500 (2016)",,,"www.orbitalatk.comat theWayback Machine(archived March 25, 2018)",US$ 5.418 billion (2016)
URS Corporation,URS Corporation,,,,Engineering Architecture Construction Planning Management Information Technology Operations Decommissioning,,"Transamerica Pyramid San Francisco, California, United States",Worldwide,Martin M. Koffel (CEO from 1989 to 2014),,US$ 10.6 billion (2012),US$ 600 million (2012),US$ 400 million (2012),US$ 7.04 billion (2012),US$ 3.905 billion (2009),"56,000 (2012)",AECOM,,URS.com,US$ 7.04 billion (2012)
CITIC Group,CITIC Group Corporation Ltd.,State-owned enterprise,,HK0183011623,Conglomerate,,"Beijing, China",People's Republic of China,"Chang Zhenming (Chairman), Jiong Wang (Vice Chairman, President, Member of Executive Committee and Member of Nomination Committee), Jianzhong Dou (Executive Director and Member of Executive Committee), Wei Min Ju (Chief Financial Officer)",Steel,CN¥ 375 billion (2013),CN¥71 billion (2013),CN¥38 billion (2013),CN¥4.300 trillion (2013),CN¥272 billion (2013),,Ministry of Finance,CITIC Limited,www.group.citic,CN¥4.300 trillion (2013)
Hongdu,Hongdu Aviation Industry Group,State-owned,,,Defence,,"Nanchang, Jiangxi, China",,Song Chengzhi (Chairman),Military aircraft,,,,,,"20,000",Aviation Industry Corporation of China,,www.hongdu.com.cn,
Hudong–Zhonghua Shipbuilding,"Hudong–Zhonghua Shipbuilding (Group) Co., Ltd.",State-owned enterprise,,,"Shipbuilding, Defence",,"Shanghai, China",,,,,,,,,,China State Shipbuilding Corporation,,hz-shipgroup.cssc.net.cn,
Poly Technologies,Poly Technologies,,,,Defence industry,,,,,,,,,,,,,,en.polyinc.com/Default.aspx,
Shaanxi Aircraft Corporation,Shaanxi Aircraft Corporation,State-owned,,,Defence,,"Hanzhong, Shaanxi, China",,Li Guangxing (Chairman),"Military aircraft, transport aircraft",,,,CN¥ 5 billion,,10000,Aviation Industry Corporation of China,,www.shanfei.com,CN¥ 5 billion
Harbin Aircraft Industry Group,Harbin Aircraft Industry Group,State-owned,,,"Aerospace, Defence",,"Harbin, Heilongjiang, China",,Guo Dianman (Chairman),"Military aircraft, Helicopters, Utility aircraft",,,,,,6700,Aviation Industry Corporation of China,,www.hafei.com,
Astrium,Astrium,,,,"Space industry, Space tourism",,"Paris, France",,,,€ 5.8 billion (2012),,,,,"18,000 (as of 2012 [update])",EADS,,www.astrium.eads.net,
Hanwha Techwin,"Hanwha Techwin Co., Ltd.",Public,KRX : 012450,,Physical Security Video Surveillance Defence,,"Seongsan, Changwon, Gyeongsangnam-do , South Korea",,Cheol Kyo Kim (President & CEO),,"2,947 trillion ₩ (2011)","2,615 billion ₩ (2014)",,,,"4,501 (2014)",Hanwha Group,Hanwha Defense Systems,www.hanwhatechwin.com,
Xi'an Aircraft Industrial Corporation,AVIC Xi'an Aircraft Industry (Group) Company Ltd.,Government-owned corporation,,,Aerospace,,"Xi'an, Shaanxi, China",Worldwide,,Aircraft,,,,,,"Approx. 20,000",AVIC Aircraft,,www.xac.com.cn,
Aviation Industry Corporation of China,Aviation Industry Corporation of China,State owned company,,,"Aerospace, Defence, Electronics",,"Chaoyang District, Beijing, China",worldwide,Tan Ruisong (Chairman and CEO),Civil and military aircraft Unmanned aerial vehicles Trucks Automobile parts Electronics Robots Ships,CN¥ 392 billion / US $62.3 billion (2014),CN¥ 370.6 billion (2016),CN¥ 16.73 billion (2016),CN¥ 854.6 billion (2016),,"535,942 (2015)",,"Harbin Aircraft Industry Group, Shenyang Aircraft Corporation, Xi'an Aircraft Industrial Corporation, Hongdu Aviation Industry Group, Changhe Aircraft Industries Corporation, Chengdu Aircraft Industry Group, Guizhou Aircraft Industry Corporation, AVIC Tianshui Aviation Industry",www.avic.com/en,CN¥ 854.6 billion (2016)
Alliant Techsystems,Alliant Techsystems Inc.,,NYSE : ATK,US0188041042,"Aerospace, defense, and sporting",,"Arlington, Virginia, U.S.",,"Mark DeYoung, President and CEO","small-, medium-, and large-caliber military ammunition; sporting ammunition, accessories, and firearms; M855A1 Enhanced Performance Round; medium-caliber gun systems; missile warning systems; tactical rocket motors; XM25 ; Precision Guidance Kit ; AARGM ; AAR-47; Special Mission Aircraft; solid rocket propulsion; GEM-60 Rocket Motors; satellite components; lightweight space deployables and solar arrays; flares and decoys; aerospace structures; facility management and modernization",US$4.78 billion (FY 2014),US$590 million (FY 2014),US$340 million (FY 2014),US$5.77 billion (FY 2014),US$1.91 billion (FY 2014),"16,000",,,www.atk.com,US$5.77 billion (FY 2014)
Sukhoi,JSC Sukhoi Company,"Division, Joint-stock company",,,Aerospace and defense,,"Begovoy District, Moscow, Russia",,Pavel Sukhoi (Founder) Yury Slyusar (President of the UAC) Igor Y. Ozar (General Director),"Civilian aircraft, Military aircraft, Unmanned aerial vehicles",$1.61 billion (2016),$76 million (2016),$35.1 million (2016),$6.15 billion (2016),$2.74 billion (2016),"26,177 (2011)",United Aircraft Corporation,,www.sukhoi.org,$6.15 billion (2016)
Titan Corporation,Titan Corporation,,,,,,,,,,,,,,,,,,,
Vencore,"Vencore, Inc.",Private,,,,,"Chantilly, VA, United States",,,,,,,,,4800,,Applied Communication Sciences,vencore.com,
Embraer,Embraer,Sociedade Anônima,B3 : EMBR3 NYSE : ERJ Ibovespa Component,BREMBRACNOR4,"Aerospace, defense",,"São José dos Campos, São Paulo, Brazil",Worldwide,Paulo Cesar Silva (President & CEO) Mauro Kern (Vice president) Jackson Schneider (Vice president) José Filippo (Vice president),"Business, commercial, and military aircraft . Aircraft parts . Mission systems for air and ground operation",R$ 19.8 billion (2017),,R$ 2.74 billion (2017),,,"19,116 (September 1, 2014)",,"Neiva, OGMA, Atech, Bradar, SAVIS",embraer.com,
Precision Castparts Corp.,Precision Castparts Corp.,Subsidiary of Berkshire Hathaway,,,Aerospace and Defense,,"Portland, Oregon, United States",,Mark Donegan (Chairman & CEO),"Investment castings, forged products, fasteners",US$ 9.6 billion (FY 2014),US$2.6 billion (FY 2014),US$1.7 billion (FY 2014),US$18.5 billion (FY 2014),US$11.4 billion (FY 2014),"30,100 (March 2015)",Berkshire Hathaway,"Wyman-Gordon, Special Metals Corporation, Titanium Metals Corporation, Texas Honing Inc.",www.precast.com,US$18.5 billion (FY 2014)
Daewoo Shipbuilding & Marine Engineering,"Daewoo Shipbuilding & Marine Engineering Co., Ltd",Public,KRX : 042660,KR7042660001,Shipbuilding Defense,,"Geoje, South Gyeongsang, South Korea, South Korea",,"Sung Leep Jung, President, CEO, and Director","FPSO, Semi-submersible, Drillship, Passenger, LNG/LPG, VLGC/ VLCC, LNG-RV(regasification vessels), offshore structures. etc, and Naval ships",US$ 12.76 billion (2015),US$ (2.50) billion (2015),US$ (2.72) billion (2015),US$ 16.21 billion (2015),US$ 635 million (2015),"13,458 (March 31, 2014)",Korea Shipbuilding & Offshore Engineering,,www.dsme.co.kr,US$ 16.21 billion (2015)
Textron,Textron Inc.,Public,"NYSE: TXT, S&P 500 Component",US8832031012,Aerospace industry Automotive industry Defence industry,,"Providence, Rhode Island, US",,"Scott C. Donnelly (Chairman, CEO, President, Member of the Management Committee)",,US$ 13.423 billion (2015),US$698 million (2015),US$698 million (2015),US$14.708 billion (2015),US$4.964 billion (2015),"35,000 (2015)",,"AAI Corporation, Able Aerospace Services, Advanced Information Solutions, Arctic Cat, Avco, Beechcraft, Bell Helicopter, Cessna Aircraft, E-Z-GO, Geospatial Solutions, Greenlee, Jacobsen Manufacturing, Kautex, Lycoming Engines, Textron AirLand, Textron Marine & Land Systems, Textron Weapon & Sensor Systems, TRU Simulation & Training",www.textron.com,US$14.708 billion (2015)
DynCorp,DynCorp International Inc.,Private,,US26817C1018,"Military contractor, service-focused",,"McLean, Virginia (2013)",Worldwide,"George Krivo, CEO (2017)","Aviation maintenance, air operations, drug eradication, law enforcement training, logistics, contingency operations, security services, operations and maintenance for land vehicles (MRAPs), maintenance for aircraft, support equipment, and weapons systems, intelligence training and solutions, international development",US$ 3.047 billion (2010) [ citation needed ],US$ 120.00 million (2008) [ citation needed ],US$ 47.95 million (2008) [ citation needed ],US$ 1.402 billion (2008) [ citation needed ],US$ 424.29 million (2008) [ citation needed ],"14,000 (2007) [ better source needed ]",,,Dyn-intl.com,US$ 1.402 billion (2008) [ citation needed ]
Hewlett Packard Enterprise,Hewlett Packard Enterprise Company,Public,"NYSE: HPE, S&P 500 component",US42824C1099,Computer hardware Computer software Cloud computing Internet of Things (IoT) Artificial intelligence Data storage and services Computer networking Blockchain,,"6280 America Center Dr., San Jose, California, United States",Worldwide,"Patricia Russo(Chairwoman), Antonio Neri(President and CEO)",,US$ 30.85 billion (2018),US$1.85 billion (2018),US$1.90 billion (2018),US$55.49 billion (2018),US$21.23 billion (2018),"61,600 (2019)",,Aruba Networks,www.hpe.com,US$55.49 billion (2018)
Kongsberg Gruppen,Kongsberg Gruppen ASA,Allmennaksjeselskap,OSE : KOG,NO0003043309,"Shipbuilding, defense, aerospace, offshore oil and gas industries.",,"Kongsberg, Norway",Global,Geir Håøy (CEO),"Ships, missiles, remote controlled weapon stations","NOK 14,4 billion (2018)",,,,,"6,842 (December 2018)",,"Kongsberg Maritime, Kongsberg Defence & Aerospace, Kongsberg Digital",https://www.kongsberg.com,
Alenia Aeronautica,Alenia Aeronautica S.p.A.,,,,Aerospace and defence,,"Rome, Italy",,,Combat and Defense Aircraft Trainer Aircraft (Alenia Aermacchi) Military Air Lifters Patrol Aircraft Regional Turboprop (ATR) Regional Turbofan (Superjet-100),€ 2.53 billion (FY 2008),,€250 million,,,"13,910",Leonardo S.p.A.,Alenia North America ATR Superjet 100,www.leonardocompany.com/en,
BAE Systems Australia,BAE Systems Australia Limited,Private,,,Aerospace and defence,,"Edinburgh Parks, Australia",,"Sir Roger Carr (Chairman), Gabby Costigan (CEO)",,,,,,,"Approximately 4,000",BAE Systems plc,,www.baesystems.com/en-aus/home,
Dassault Aviation,Dassault Aviation SA,Private,Euronext : AM CAC Mid 60 Component,FR0000121725,Aerospace Defense Space industry,,"Paris, France",,Éric Trappier (Chairman and CEO) Charles Edelstenne (General manager of Dassault Group) Serge Dassault (honorary chairman),Civil aircraft Military aircraft Space activities,€5.084 billion (2018),€669 million (2018),€681 million (2018),€16.973 billion (2018),,"11,494 (2018)",Dassault Group,,www.dassault-aviation.com,€16.973 billion (2018)
Chemring Group,Chemring Group,Public company (LSE : CHG),,GB00B45C9X44,Aerospace and Defence,,"Romsey, UK",,"Carl-Peter Forster, chairman Michael Ord, CEO",,£ 547.5 million (2017),£55.4 million (2017),£6.6 million (2017),,,"circa 2,600",,,chemring.co.uk,
VT Group,VT Group,Wholly owned subsidiary,,,"Maritime, Aviation, Information Systems and Technology, Manufacturing and Fabrication, IT, Engineering, Infrastructure & Installation, Unmanned, Logistics & Training, Base Operations, Healthcare, Hospitality, Commercial, Government Solutions, Security & Surveillance, DoD",,"Chantilly, VA",,John Hassoun (CEO),,,,,,,,,"VT Milcom Inc. VT Services Inc. VT Aepco Inc. VT Griffin Inc. National Technologies Associates, Inc.",http://www.vt-group.com,
Sevmash,Sevmash,joint-stock company,,,Shipbuilding Defense industry,,"Severodvinsk, Russia",,,"Ships, submarines, nuclear submarines, oil platforms, machinery, metallurgy",$1.52 billion (2017),$139 million (2017),$152 million (2017),$7.7 billion (2017),$926 million (2017),"26,951 (2009)",United Shipbuilding Corporation,,www.sevmash.ru,$7.7 billion (2017)
Hanwha Techwin,"Hanwha Techwin Co., Ltd.",Public,KRX : 012450,,Physical Security Video Surveillance Defence,,"Seongsan, Changwon, Gyeongsangnam-do , South Korea",,Cheol Kyo Kim (President & CEO),,"2,947 trillion ₩ (2011)","2,615 billion ₩ (2014)",,,,"4,501 (2014)",Hanwha Group,Hanwha Defense Systems,www.hanwhatechwin.com,
AM General,AM General LLC,LLC,,,"Vehicles, automotive, military",,"South Bend, Indiana, U.S.",Worldwide,R. Andrew Hove (CEO and President),"HMMWV / Hummer H2, M35, and 5-ton trucks, Humvee C-Series, Mercedes-Benz R-Class (former)",,,,,,,MacAndrews & Forbes Renco Group,General Engine Products General Transmission Products,www.amgeneral.com,
Thales Air Defence,Thales Air Defence Limited,Private,,,Defence,,"Belfast, Northern Ireland, United Kingdom",,,Missiles,£88.9 million GBP,,£15.3 million,,,579,Thales Group,,,
Navistar International,Navistar International Corporation,Public,NYSE : NAV Russell 2000 Component,US63934E1082,Automotive,,"Lisle, Illinois, U.S.","North America, South America, Russia, United Kingdom, Oceania, Eastern Europe, India, Middle East, China, South Africa","Troy A. Clarke, (Chairman, President, & CEO), Walter G. Borst, (Executive VP & CFO), Samara A. Strycker, (Senior VP & Controller)","Trucks, Buses and School buses, Diesel engines, Chassis","US$ 8.57 billion, (FY OCT 31 2017)","US$ 415 million, (FY OCT 31 2017)","US$ 55 million, (FY OCT 31 2017)","US$ 6.14 billion, (FY OCT 31 2017)","US$ -4.57 billion, (FY OCT 31 2017)","~12,300, (FY OCT 31 2017)",,,Navistar.com,"US$ 6.14 billion, (FY OCT 31 2017)"
Chugach Alaska Corporation,Chugach Alaska Corporation,Private,,,,,"Anchorage, Alaska, U.S.",,Gabriel Kompkoff (President and CEO),,,,,,,,,,chugach.com,
Leonardo S.p.A.,Leonardo S.p.A.,Public,BIT : LDO FTSE MIB Component,IT0003856405,Aerospace industry Defence industry Space industry,,"Rome, Italy",,Giovanni De Gennaro (Chairman) Alessandro Profumo (CEO),"Aeronautics, aircraft, helicopters, electronics, defence systems, remote controlled weapon stations, turrets, autocannons, rotary cannons, naval artillery, torpedoes, unmanned ground vehicles, unmanned underwater vehicles",€ 12.24 billion (2018),€ 1.53 billion (2018),€ 510 million (2018),,,"46,462 (2018)",,,www.leonardocompany.com,
L3 Technologies,"L3 Technologies, Inc.",,NYSE : LLL,US5024131071,"Aerospace, Defense",,"New York City, New York, United States",Worldwide,Michael T. Strianese (Chairman/C.E.O.) Christopher E. Kubasik (CEO and President),"AVCATT, ISR systems, numerous specialized components, electronics, avionics",US$ 9.573 billion (2017),US$ 1.020 billion (2017),US$ 986 million (2017),US$ 12.73 billion (2017),US$ 5.15 billion (2017),"38,000 (2017)",,,www.l3t.com,US$ 12.73 billion (2017)
Aerojet Rocketdyne Holdings,Aerojet Rocketdyne Holdings Inc.,Public,NYSE : AJRD S&P 600 Component,,"Aerospace, defense, and real estate",,"El Segundo, California, United States of America",Nationwide,Eileen Drake (President and CEO),,US$ 1.76 billion (2016),US$ 61.20 million (2016),US$ 18 million (2016),US$ 2.25 billion (2016),US$ 34.50 million (2016),"4,965 (2016)",,,www.aerojetrocketdyne.com,US$ 2.25 billion (2016)
Leonardo S.p.A.,Leonardo S.p.A.,Public,BIT : LDO FTSE MIB Component,IT0003856405,Aerospace industry Defence industry Space industry,,"Rome, Italy",,Giovanni De Gennaro (Chairman) Alessandro Profumo (CEO),"Aeronautics, aircraft, helicopters, electronics, defence systems, remote controlled weapon stations, turrets, autocannons, rotary cannons, naval artillery, torpedoes, unmanned ground vehicles, unmanned underwater vehicles",€ 12.24 billion (2018),€ 1.53 billion (2018),€ 510 million (2018),,,"46,462 (2018)",,,www.leonardocompany.com,
ARINC,ARINC,subsidiary,,,"Airports, aviation, defense, government, healthcare, networks, security, and transportation",,"Cedar Rapids, Iowa, United States ; Formerly Annapolis, Maryland, United States",,,,$919 million USD (2006).,,,,,"3,200",,,rockwellcollins.com,
Doosan Group,Doosan,Public,KRX : 000150 000150,KR7000150003,Conglomerate,,"Doosan Tower 18-12, Euljiro 6-ga, Jung-gu, Seoul, South Korea",,"Park Jeong-won, Chairman","Power Plant, Desalination Plant, Engines, Construction Equipment, Construction, etc.",,,,,,,,"Doosan Corporation, Doosan Heavy Industries & Construction, Doosan Infracore, Doosan Engineering & Construction, Doosan Fuel Cell America, etc.",http://www.doosan.com,
Plasan,Plasan Sasa Ltd.,Privately held company,,,Defence,,"Kibbutz Sasa, Israel",worldwide,Dani Ziv (CEO),"Armored vehicles, Ballistic vests",,,,,,"1,300",,Plasan USA,www.plasansasa.com,
Ceradyne,Ceradyne Inc.,Public,,,Industrial Equipment & Components,,"3M headquarters, St. Paul, Minnesota, United States",Worldwide,,,,,,,,,,,www.ceradyne.com,
Thales Australia,Thales Australia,Subsidiary,,,"Aerospace & Space, Defence, Security, Transport",,"Sydney, Australia",,Chris Jenkins (CEO Australia / New Zealand),,A$ around 1 billion (2014),,,,,3200 (2010),Thales Group,,www.thalesgroup.com/en/countries/asia-pacific/australia,
BAE Systems Electronic Systems,BAE Systems Electronic Systems,Division,,,Aerospace & Defense,,"Arlington, Virginia, United States",,Terry Crimmins (President),Avionics Electronic Warfare Communications Sensor systems Intelligence systems.,£4.6 billion (2008) (approx. US$7 billion c. 2010),£0.506 billion (2008) (approx. US$0.79 billion c. 2010),,,,"33,000",BAE Systems Inc.,,www.baesystems.com/Businesses/EIS,
Tenix,Tenix Group Pty Limited,Privately owned company,,,,,"North Sydney, Australia",,,,,,,,,,,,www.tenix.com,
AgustaWestland,Leonardo Helicopters,,,,Helicopter,,"Rome, Italy",,Daniele Romiti (chief executive officer),Helicopters,"€4,243 million (2012)",€473 million (2012),,,,"12,500 (at 31 December 2015)",Leonardo S.p.A. (known as Finmeccanica before 31 December 2015),PZL-Świdnik,leonardocompany.com,
Fiat Automobiles,Fiat Automobiles S.p.A.,Società per azioni,,,Automotive,,"Lingotto, Turin, Piedmont, Italy",Worldwide,John Elkann (President) Olivier François (CEO),"Automobiles, Electric vehicles",,,,,,,FCA Italy,,Fiat.com,
Iveco,IVECO S.p.A.,Società per azioni,,,Manufacturing,,"Turin, Piedmont, Italy","Europe, South America, Central America, Cuba, Middle East, East Asia (China, Taiwan, South Korea) , Southeast Asia, Kazakhstan, Australia, New Zealand",Gerrit Marx,"Heavy commercial vehicles, medium commercial vehicles, light commercial vehicles, quarry/construction site vehicles, special vehicles, city and intercity buses, firefighting vehicles, defence vehicles","€ 4,900,000,000",,,,,"Approximately 25,000",CNH Industrial,TransportationIveco BusHeuliez BusIveco AstraIveco MagirusZastava Trucks(46%)Defence VehiclesIveco ChinaNaveco(50%)SAIC Iveco Hongyan (9.04%)IndustrialSaic-Iveco FPT HongyanFinanceIveco Capital,iveco.com,
Denel,Denel SOC Ltd,State-owned enterprise,,,Aerospace and Defence manufacturing,,"Centurion, City of Tshwane, Gauteng, South Africa",Worldwide,Daniel du Toit (CEO) Gawie Van Zyl (Interim) (CFO) Vacant (COO),Guided missiles Attack Helicopters Transport Helicopters UAVs Armoured vehicle turrets Glide bombs Artillery systems Ammunition,R 3.918 billion (FY 2013),R 117 million (FY 2013),R 71 million (FY 2013),,R 1.17 billion (FY 2013),7634,Government of South Africa,,denel.co.za,
Selex ES,Selex ES S.p.A.,,BIT : FNC,,"Airborne & Space Systems, Land & Naval Defence Electronics and Security & Information Systems",,"Basildon, UK - Rome, Italy",,Allan Cook (Chairman) Fabrizio Giulianini (CEO),"Air Traffic Control, Automated Systems, Avionics and Mission Systems, Automation Systems, Electronic Warfare Systems, Cameras, Cyber Security, Electro-Optics, ICT and Networking, Information Assurance, IR Detectors, Land and Battlefield System, Lasers, Naval and Air Defence Systems, Radars and Advanced Targeting, Security, Seekers, Sensors, Simulators, Smart Systems, Vessel Traffic Management Systems, Unmanned Aerial Systems, Sensors and Scientific Payloads for Space and Support Services","€ 3,5 billion",,,,,"16,000 (at 31 december 2015)",Finmeccanica S.p.A. until 31 December 2015,,www.leonardocompany.com,
Russian Aircraft Corporation MiG,Russian Aircraft Corporation MiG,Division,,,Aerospace manufacturer and defense,,"Moscow, Russia",,,Military aircraft Civil airliners Unmanned aerial vehicles,$1.37 billion (2017),$270 million (2017),$8.59 million (2017),$3.58 billion (2017),-$302 million (2017),"10,090 (2013)",United Aircraft Corporation,,www.migavia.ru,$3.58 billion (2017)
IMI Systems,IMI Systems Ltd.,State-owned enterprise,,,Arms industry,,"Ramat HaSharon, Tel Aviv, Israel",worldwide,Yitzhak Aharonovich (Chairman) Avi Felder (President and CEO),"Weapons, combat vehicles, munitions",,,,,,,,Ashot Ashkelon Industries IMI Trading IMI Services IMI Academy,www.imisystems.com,
Hewlett-Packard,Hewlett-Packard Company,,NYSE : HPQ,US4282361033,Computer hardware Computer software IT services IT consulting,,"Palo Alto, California, U.S.",Worldwide,,See list of HP products .,"111,454,000 US dollar (2014)",,"5,600.000000 United States dollar (2014)","103,206,000,000 US dollar (2014)",,"66,000 (2017)",,List of subsidiaries,www.hp.com/,"103,206,000,000 US dollar (2014)"
MTU Aero Engines,MTU Aero Engines AG,Aktiengesellschaft,FWB : MTX,DE000A0D9PT0,"Aerospace, defence",,"Munich, Germany",,"Reiner Winkler (CEO and chairman of the management board), Klaus Eberhardt (Chairman of the supervisory board)",Production and maintenance of civil and military aircraft engines ; industrial gas turbines,€4.567 billion (2018),€671 million (2018),€479 million (2018),€6.851 billion (31 December 2018),€2.144 billion (31 December 2018),"10,206 (30 June 2019)",,Vericor Power Systems,http://mtu.de/en,€6.851 billion (31 December 2018)
Tetra Tech,Tetra Tech,Public company,NASDAQ : TTEK S&P 400 component,US88162G1031,Professional services,,"Pasadena, California, United States",Worldwide,,,$2.96 billion (2018),,,,,"20,000",,,tetratech.com,
ITT Inc.,ITT Inc.,Public,NYSE : ITT S&P 400 Component,US45073V1089,Industrial manufacturer (historically a conglomerate),,"White Plains, New York, United States",Worldwide,Luca Savi (CEO and President),"specialty components for the aerospace, transportation, energy and industrial markets",US$ 2.585 billion (2017),US$ 309.7 million (2017),US$ 113.5 million (2017),US$ 3.70 billion (2016),US$ 1.596 billion (2016),"10,000 (2017)",,,ITT.com,US$ 3.70 billion (2016)
Avio,Avio S.p.A.,Società per azioni,,IT0005119810,"Aerospace, Aeronautical, Defence, Space, Marine, Electronics, Energy",,"Rivalta di Torino, Turin, Italy",,Giulio Ranzo (CEO),"Components and modules for aircraft and helicopter engines, Space propulsion and launch vehicles, MRO and services for aircraft engines and aeroderivative gas turbines, Electronic and electrical systems",€ 344 million (2017),€ 25 million (2017),€ 22 million (2017),,,800 (2018),,,avio.com,
IHI Corporation,IHI Corporation,Public KK,TYO : 7013,JP3134800006,Heavy equipment,,"Toyosu IHI Building, Tokyo, Japan",,"Tamotsu Saito (chairman), Tsugio Mitsuoka​ (president and CEO)",Space development Jet engines Industrial machinery Construction machinery Bridge & steel structures Energy systems etc,¥ 1486.33 billion (2016),¥47.39 billion (2016),¥5.25 billion (2016),¥1692.83 billion (2016),¥309.99 billion (2016),"26,618 (2013)",Dai-ichi Life (3.49%),,www.ihi.co.jp,¥1692.83 billion (2016)
Selex ES,Selex ES S.p.A.,,BIT : FNC,,"Airborne & Space Systems, Land & Naval Defence Electronics and Security & Information Systems",,"Basildon, UK - Rome, Italy",,Allan Cook (Chairman) Fabrizio Giulianini (CEO),"Air Traffic Control, Automated Systems, Avionics and Mission Systems, Automation Systems, Electronic Warfare Systems, Cameras, Cyber Security, Electro-Optics, ICT and Networking, Information Assurance, IR Detectors, Land and Battlefield System, Lasers, Naval and Air Defence Systems, Radars and Advanced Targeting, Security, Seekers, Sensors, Simulators, Smart Systems, Vessel Traffic Management Systems, Unmanned Aerial Systems, Sensors and Scientific Payloads for Space and Support Services","€ 3,5 billion",,,,,"16,000 (at 31 december 2015)",Finmeccanica S.p.A. until 31 December 2015,,www.leonardocompany.com,
Alenia Aermacchi,Alenia Aermacchi S.p.A.,,,,Aeronautics,,"Venegono Superiore, Varese, Italy",,,Aircraft,"€ 3,118 million € (2015)",,€250 million,,,"10,483 (at 31.12.2015)",Finmeccanica (until 31 December 2015,Alenia Aermacchi North America,http://www.leonardocompany.com,
Avio,Avio S.p.A.,Società per azioni,,IT0005119810,"Aerospace, Aeronautical, Defence, Space, Marine, Electronics, Energy",,"Rivalta di Torino, Turin, Italy",,Giulio Ranzo (CEO),"Components and modules for aircraft and helicopter engines, Space propulsion and launch vehicles, MRO and services for aircraft engines and aeroderivative gas turbines, Electronic and electrical systems",€ 344 million (2017),€ 25 million (2017),€ 22 million (2017),,,800 (2018),,,avio.com,
Airbus,Airbus SE,Societas Europaea (SE),Euronext Paris : AIR BMAD : AIR FWB : AIR CAC 40 Component Euro Stoxx 50 component,NL0000235190,"Aerospace, Defence",,"Leiden, Netherlands (headquarters), Blagnac, Greater Toulouse, France (main office) , Barcelona, Spain (international office)",Worldwide,Denis Ranque (Chairman) Guillaume Faury (CEO),"Civilian A220, A300, A310, A318, A319, A320, A321, A330, A340, A350, A380",€ 63.70 billion (2018),€5.04 billion (2018),€3.05 billion (2018),€115.19 billion (2018),€9.72 billion (2018),"133,671 (2018 )",,"Airbus Corporate Jets, Airbus Operations S.A.S., Navblue, Stelia Aerospace, Testia",www.airbus.com,€115.19 billion (2018)
Areva,Areva S.A.,Public,,FR0004275832,Nuclear industry,Framatome Cogema Technicatome,"Courbevoie, Paris, France",Worldwide,Philippe Varin (Chairman) Philippe Knoche (acting CEO),Nuclear reactors Nuclear fuel Uranium Electric power,,,,,,"45,340 (2013)",,"Areva NP, Areva NC, Areva TA, Areva Mines, Euriware, Areva Med",www.areva.com,
Triumph Group,"Triumph Group, Inc.",Public,NYSE : TGI S&P 600 Component,,"Manufacturing, Aerospace",,"Berwyn, Pennsylvania, United States",,"Daniel J. Crowley, President and CEO Jim McCabe, SVP and CFO",Aerospace components,,US$ 434.7 million FY2015 (FY2015),US$ 238.7 million FY2015 (FY2015),,,"14,309 (2017)",,44,www.triumphgroup.com,
Silicon Graphics,"Silicon Graphics, Inc.",,NYSE : SGI OTC Pink : SGID.pk NASDAQ : SGIC,,Computer hardware and software,,"Sunnyvale, California, U.S.",,Jim Clark Wei Yen Kurt Akeley Ed McCracken Thomas Jermoluk,"High-performance computing, visualization and storage",,,,,,,,,www.sgi.com/,
Pilatus Aircraft,Pilatus Aircraft,,,CH0002189535,Aerospace,,"Stans, Switzerland",worldwide,Markus Bucher (CEO) Oscar J. Schwenk (Chairman),Fixed wing aircraft,$1.07billion 2018,,$154.5 million 2018,,,1905 (June 2016),,,www.pilatus-aircraft.com,
Hyundai Heavy Industries,"Hyundai Heavy Industries Co., Ltd.",Public,,KR7009540006,Heavy equipment,,"Ulsan, South Korea",Worldwide,Kwon Oh Gap (Vice Chairman & CEO),,US$ 39.33 billion (2015),US$ (1.31) billion (2015),US$ (1.16) billion (2015),,,"25,093 (2012)",Hyundai Heavy Industries Group,,www.hhi.co.kr,
Severnaya Verf,Severnaya Verf,Shipyard,,,Shipbuilding,Putilov Shipyard; Shipyard No. 190 (in the name of Zhdanov),"Saint Petersburg, Russia",,,,,,,,,"4,500 (1917)",United Shipbuilding Corporation,,http://www.ru.nordsy.spb.ru/,
Halliburton,Halliburton Company,Public,"NYSE: HAL, S&P 500 component",US4062161017,Oilfield services & equipment,,"Houston Center, Houston, Texas, U.S.",Worldwide,"Jeff Miller (president, CEO, & ​ chairman of the board)",Products and services to the energy industry,US$ 23.995 billion (2018),US$ 2.467 billion (2018),US$ 1.656 billion (2018),US$ 25.085 billion (2017),US$ 8.349 billion (2017),"55,000 (2017)",,,Halliburton.com,US$ 25.085 billion (2017)
KBR (company),"KBR, Inc.",Public,"NYSE: KBR, S&P 400 Component",US48242W1062,"Engineering, Construction, Downstream (petroleum industry), Private military contractor, Gas monetization, Hydrocarbons, Government Solutions, Service",,"KBR Tower, Houston, Texas, U.S.",,"Stuart Bradie (president & CEO), Mark Sopp (vice president & CFO)",,US$ 4.17 billion (2017),US$ 266 million (2017),US$ 442 million (2017),US$ 3.67 billion (2017),US$ 1.22 billion (2017),"~37,500 (2019)",,,KBR.com,US$ 3.67 billion (2017)
Westland Helicopters,Westland Helicopters,,,,Aerospace,,"Yeovil, Somerset, United Kingdom",,,Rotary-wing aircraft,,,,,,,Leonardo S.p.A.,,www.agustawestland.com/index.html,
ITT Inc.,ITT Inc.,Public,NYSE : ITT S&P 400 Component,US45073V1089,Industrial manufacturer (historically a conglomerate),,"White Plains, New York, United States",Worldwide,Luca Savi (CEO and President),"specialty components for the aerospace, transportation, energy and industrial markets",US$ 2.585 billion (2017),US$ 309.7 million (2017),US$ 113.5 million (2017),US$ 3.70 billion (2016),US$ 1.596 billion (2016),"10,000 (2017)",,,ITT.com,US$ 3.70 billion (2016)
Armor Holdings,"Armor Holdings, Inc.",Subsidiary,,,Defense,,"Jacksonville, Florida, United States",,,,,,,,,,BAE Systems Land and Armaments,,www.armorholdings.com,
DynCorp,DynCorp International Inc.,Private,,US26817C1018,"Military contractor, service-focused",,"McLean, Virginia (2013)",Worldwide,"George Krivo, CEO (2017)","Aviation maintenance, air operations, drug eradication, law enforcement training, logistics, contingency operations, security services, operations and maintenance for land vehicles (MRAPs), maintenance for aircraft, support equipment, and weapons systems, intelligence training and solutions, international development",US$ 3.047 billion (2010) [ citation needed ],US$ 120.00 million (2008) [ citation needed ],US$ 47.95 million (2008) [ citation needed ],US$ 1.402 billion (2008) [ citation needed ],US$ 424.29 million (2008) [ citation needed ],"14,000 (2007) [ better source needed ]",,,Dyn-intl.com,US$ 1.402 billion (2008) [ citation needed ]
Smiths Group,Smiths Group plc,Public limited company,LSE : SMIN FTSE 100 Component,GB00B1WY2338,Engineering,,"London, United Kingdom",Worldwide,"Sir George Buckley (chair­person), Andrew Reynolds Smith (CEO)",Detection sensors Mechanical seals (wet seals and dry gas seals) Couplings Hydrodynamic bearings Filtration systems Medical devices Electronic components Heating and ducting systems,"£ 3,213 million (2018)",£ 544 million (2018),£ 279 million (2018),,,"22,000 (2019)",,,smiths.com,
Japan Marine United,Japan Marine United Corporation,Public KK,,,Shipbuilding,,"Yokohama, Kanagawa, Japan",Global,Kotaro Chiba (President and CEO) Yoshio Otagaki (Representative Director),,,,,,,,JFE Holdings : 45.93% IHI Corporation :45.93% Hitachi Zosen Corporation :8.15%,,www.jmuc.co.jp,
Thales Nederland,Thales Nederland,Subsidiary,,,,,"Hengelo, Netherlands",,,,,,,,,1800 (2016),Thales Group,,www.thalesgroup.com/en/countries/europe/netherlands,
Selex ES,Selex ES S.p.A.,,BIT : FNC,,"Airborne & Space Systems, Land & Naval Defence Electronics and Security & Information Systems",,"Basildon, UK - Rome, Italy",,Allan Cook (Chairman) Fabrizio Giulianini (CEO),"Air Traffic Control, Automated Systems, Avionics and Mission Systems, Automation Systems, Electronic Warfare Systems, Cameras, Cyber Security, Electro-Optics, ICT and Networking, Information Assurance, IR Detectors, Land and Battlefield System, Lasers, Naval and Air Defence Systems, Radars and Advanced Targeting, Security, Seekers, Sensors, Simulators, Smart Systems, Vessel Traffic Management Systems, Unmanned Aerial Systems, Sensors and Scientific Payloads for Space and Support Services","€ 3,5 billion",,,,,"16,000 (at 31 december 2015)",Finmeccanica S.p.A. until 31 December 2015,,www.leonardocompany.com,
Israel Aerospace Industries,Israel Aerospace Industries Ltd.,Government-owned corporation,TASE : ARSP.B1,,Defense Industrial manufacturing,,"Lod, Israel",,Nimrod Shefer (CEO and President) [ citation needed ],Military Weapons and Equipment.,$3.7 Billion USD (2018),$1.5 Billion USD (2018),$315 Million USD (2018),,,"15,000",,ELTA Systems LTD,www.iai.co.il,
Ericsson,Telefonaktiebolaget LM Ericsson,Publicly traded aktiebolag,"Nasdaq Stockholm : ERIC-A, ERIC-B NASDAQ : ERIC",SE0000108649,Telecommunications equipment Networking equipment,,"Kista, Stockholm, Sweden",Worldwide,Ronnie Leten (Chairman) Börje Ekholm (President and CEO (Chief Executive Officer)),"Mobile and fixed broadband networks, consultancy and managed services, TV and multimedia technology",SEK 210.8 billion (2018),SEK1.2 billion (2018),−SEK6.3 billion (2018),SEK268.7 billion (2018),SEK86.97 billion (2018),"95,359 (2018)",,Red Bee Media,ericsson.com,SEK268.7 billion (2018)
Elisra,Elisra,Subsidiary,,,Defense systems,,"Holon, Israel",,Itzchak Gat,,,,,,,"1,400",Elbit Systems,,http://www.elisra.com,
MTU Friedrichshafen,MTU Friedrichshafen GmbH,Gesellschaft mit beschränkter Haftung,,,,,"Friedrichshafen, Germany",,"Andreas Schell, CEO",Diesel and gas internal combustion reciprocating engines,,,,,,,Rolls-Royce Power Systems (previously operating as Tognum AG),,www.mtu-online.com,
Daimler AG,Daimler AG,Public (Aktiengesellschaft),"FWB: DAI, DAX component",DE0007100000,Automotive,"Benz & Cie (1883–1926), Daimler Motoren Gesellschaft (1890–1926)","Mercedesstraße, Stuttgart, Germany",Worldwide,"Ola Källenius, Chairman of the Board of Management, Manfred Bischoff, Chairman of the Supervisory Board","Automobiles, commercial vehicles",€167.362 billion (2018),€10.595 billion (2018),€7.582 billion (2018),€281.619 billion (2018),€66.053 billion (2018),"298,683 (Dec. 31, 2018)",,TransportationDaimler Commercial Vehicle Manufacturing IndonesiaMercedes-Benz IndonesiaEvoBus GmbHSetraDaimler Trucks North AmericaFreightliner TrucksThomas Built BusesWestern Star TrucksMercedes-Benz MexicoMitsubishi Fuso Truck and Bus Corporation (89.29%)Daimler India Commercial VehiclesBharatBenzMercedes-Benz IndiaMaster MotorsManufacturing Commercial VehiclesMotorsportsMercedes-AMG Petronas Formula One TeamMercedes-Benz EQ Formula E TeamAutomotive TechnologyAutomotive Fuel Cell Cooperation (50.1%)EnginesEngine HoldingFinancesDaimler Financial ServicesMercedes-Benz BankMercedes-Benz FinancialDaimler Truck FinancialOtherDetroit DieselHereInternationalDaimler do BrasilDaimler South AfricaDaimler AustraliaDaimler KoreaDaimler South East Asia,daimler.com,€281.619 billion (2018)
Nexter Systems,Nexter S.A.,Société Anonyme,,,Defence,,"Roanne, Loire, France",,,,,,,,,,KNDS,,www.nexter-group.fr,
Admiralty Shipyard,Admiralty Shipyard,Shipyard,,,Shipbuilding Defence,Main Admiralty Shipyard; Galley Shipyard; Galernaya Shipyard; New Admiralty Shipyard; Leningrad Shipyard; Shipyard No. 194 (in the name of Marti); United Admiralty Association,"Saint Petersburg, Russia",,,,$670 million (2016),$137 million (2016),$77.4 million (2016),$1.34 billion (2016),$473 million (2016),"3,000/10,000 (1914/today)",United Shipbuilding Corporation,,admship.ru,$1.34 billion (2016)
Stewart & Stevenson,Stewart & Stevenson,Private,,,"Manufacturing, Distribution, Rental and Parts & Service",,"Houston, Texas, United States",,,,,,,,,,,,www.stewartandstevenson.com,
Naval Group,Naval Group,société anonyme,,,"Defence, Shipbuilding, Engineering",,"Paris, Île-de-France, France",Worldwide,Hervé Guillou (CEO),"Warships, shipboard weapons, offshore engineering, nuclear engineering marine renewable energies",€ 3.608 billion (2018),,€ 178.2 million (2018),,,"13,612 (2018)",,,www.naval-group.com,
Komsomolsk-on-Amur Aircraft Plant,Komsomolsk-on-Amur Aircraft Plant,,,,Aerospace industry,,Komsomolsk-on-Amur,,,Commercial and military aircraft,"80,000,000,000 Russian ruble (2014)",,"320,000,000 Russian ruble (2011)",,,"13,500 (2011)",Sukhoi (UAC),,www.knaapo.ru,
General Motors,General Motors Company,Public,NYSE : GM S&P 100 Component S&P 500 Component,US37045V1008,Automotive,,"Detroit, Michigan, US","Worldwide (except India, Hong Kong, Macau, Cuba, Iran, North Korea, Somalia, South Africa, Sudan, Syria, and Afghanistan.)",Mary T. Barra (Chairperson & CEO) Mark Reuss (President) Dhivya Suryadevara (CFO),Automobiles Automobile parts Commercial vehicles,US$ 147.049 billion (2018),US$11.783 billion (2018),US$8.014 billion (2018),US$227.339 billion (2018),US$42.777 billion (2018),"170,483 (December 2018)",,TransportationFAW-GM (50%)+HoldenHSVSAIC-GM-Wuling Automobile (44%)BaojunFinancial ServicesGM FinancialOthersLogistics:GM Certified ServiceIndustrial:ACDelcoDMAXGM Components HoldingsGM DefenceInternational:General Motors América do SulGeneral Motors de ArgentinaGeneral Motors do BrasilGeneral Motors de ChileGM Colmotores (Colombia)General Motors CanadaCAMI Automotive[General Motors China]General Motors de MexicoGeneral Motors IndiaChevrolet Sales IndiaGM Korea CompanyGM Southeast Asia (SEA)GM Vietnam Co.GM UzbekistanGeneral Motors EgyptGeneral Motors South AfricaGeneral Motors Japan,www.gm.com,US$227.339 billion (2018)
General Motors Canada,General Motors of Canada Company,Subsidiary,,,Automotive,,"1908 Colonel Sam Dr, Oshawa, Ontario, Canada",,Travis Hester (President),Automobiles Engines,"$31.675 billion (FY,2007)",,,,,5372,General Motors,,www.gm.ca,
